Name,Position,Team,Age,Height,Height_i,Weight,College,Salary,Points,Rebounds,Assists, Height ( meter ) , Weight ( Kg ) ,BMI,BMI Category
Juhann Begarin,SG,Boston Celtics,19,"6' 5""",6.5,185,Unknown,4447896,0,0,0,1.98,83.9,21.4,Normal
Jaylen Brown,SG,Boston Celtics,24,"6' 6""",6.6,223,California,26758928,24.7,6,3.4,2.01,101.2,25,Overweight
Kris Dunn,PG,Boston Celtics,27,"6' 3""",6.3,205,Providence,5005350,1.3,1.5,0.5,1.92,93,25.2,Overweight
Carsen Edwards,PG,Boston Celtics,23,"5' 11""",5.11,200,Purdue,1782621,4,0.8,0.5,1.56,90.7,37.3,Obese II
Tacko Fall,C,Boston Celtics,25,"7' 5""",7.5,311,UCF,4447896,2.5,2.7,0.2,2.29,141.1,26.9,Overweight
Bruno Fernando,F,Boston Celtics,23,"6' 9""",6.9,240,Maryland,1782621,1.5,2.4,0.3,2.1,108.9,24.7,Normal
Al Horford,C,Boston Celtics,35,"6' 9""",6.9,240,Florida,27000000,14.2,6.7,3.4,2.1,108.9,24.7,Normal
Enes Kanter,C,Boston Celtics,29,"6' 10""",6.1,250,Kentucky,1669178,11.2,11,1.2,1.86,113.4,32.8,Obese I
Luke Kornet,C,Boston Celtics,26,"7' 2""",7.2,250,Vanderbilt,4447896,3.4,2.2,0.8,2.19,113.4,23.6,Normal
Romeo Langford,SG,Boston Celtics,21,"6' 4""",6.4,216,Indiana,3804360,3.1,1.9,0.7,1.95,98,25.8,Overweight
Aaron Nesmith,SF,Boston Celtics,21,"6' 5""",6.5,215,Vanderbilt,3631200,4.7,2.8,0.5,1.98,97.5,24.9,Normal
Jabari Parker,PF,Boston Celtics,26,"6' 8""",6.8,245,Duke,2283034,5.5,3.2,0.8,2.07,111.1,25.9,Overweight
Payton Pritchard,PG,Boston Celtics,23,"6' 1""",6.1,195,Oregon,2137440,7.7,2.4,1.8,1.86,88.5,25.6,Overweight
Josh Richardson,SG,Boston Celtics,27,"6' 5""",6.5,200,Tennessee,11615328,12.1,3.3,2.6,1.98,90.7,23.1,Normal
Dennis Schroder,PG,Boston Celtics,27,"6' 3""",6.3,172,Unknown,5890000,15.4,3.5,5.8,1.92,78,21.2,Normal
Marcus Smart,PG,Boston Celtics,27,"6' 3""",6.3,220,Oklahoma State,14339285,13.1,3.5,5.7,1.92,99.8,27.1,Overweight
Jayson Tatum,SF,Boston Celtics,23,"6' 8""",6.8,210,Duke,28103500,26.4,7.4,4.3,2.07,95.3,22.2,Normal
Grant Williams,PF,Boston Celtics,22,"6' 6""",6.6,236,Tennessee,2617800,4.7,2.8,1,2.01,107,26.5,Overweight
Robert Williams III,C,Boston Celtics,23,"6' 8""",6.8,237,Texas A&M,3661976,8,6.9,1.8,2.07,107.5,25.1,Overweight
LaMarcus Aldridge,F,Brooklyn Nets,36,"6' 11""",6.11,250,Texas,4447896,13.5,4.5,1.9,1.86,113.4,32.8,Obese I
DeAndre' Bembry,SG,Brooklyn Nets,27,"6' 5""",6.5,210,Saint Joseph's,1669178,5.7,2.9,2.1,1.98,95.3,24.3,Normal
Bruce Brown,SF,Brooklyn Nets,25,"6' 4""",6.4,202,Miami (FL),4736102,8.8,5.4,1.6,1.95,91.6,24.1,Normal
Jevon Carter,PG,Brooklyn Nets,25,"6' 1""",6.1,200,West Virginia,3650000,4.1,1.5,1.2,1.86,90.7,26.2,Overweight
Nicolas Claxton,PF,Brooklyn Nets,22,"6' 11""",6.11,215,Georgia,1782621,6.6,5.2,0.9,1.86,97.5,28.2,Overweight
Sekou Doumbouya,SF,Brooklyn Nets,20,"6' 8""",6.8,230,Unknown,3613680,5.1,2.6,0.8,2.07,104.3,24.3,Normal
Kevin Durant,PF,Brooklyn Nets,32,"6' 10""",6.1,240,Texas,42018900,26.9,7.1,5.6,1.86,108.9,31.5,Obese I
Kessler Edwards,SF,Brooklyn Nets,21,"6' 8""",6.8,215,Pepperdine,4447896,0,0,0,2.07,97.5,22.8,Normal
RaiQuan Gray,PF,Brooklyn Nets,22,"6' 8""",6.8,260,Florida State,4447896,0,0,0,2.07,117.9,27.5,Overweight
Blake Griffin,PF,Brooklyn Nets,32,"6' 9""",6.9,250,Oklahoma,1669178,11,4.9,3,2.1,113.4,25.7,Overweight
James Harden,SG,Brooklyn Nets,32,"6' 5""",6.5,220,Arizona State,44310840,24.6,7.9,10.8,1.98,99.8,25.5,Overweight
Joe Harris,SF,Brooklyn Nets,30,"6' 6""",6.6,220,Virginia,17357143,14.1,3.6,1.9,2.01,99.8,24.7,Normal
Kyrie Irving,PG,Brooklyn Nets,29,"6' 2""",6.2,195,Duke,35328700,26.9,4.8,6,1.89,88.5,24.8,Normal
Mike James,PG,Brooklyn Nets,31,"6' 1""",6.1,175,Eastern Arizona Coll. (J.C.),4447896,7.7,2.5,4.2,1.86,79.4,23,Normal
Alize Johnson,PF,Brooklyn Nets,25,"6' 7""",6.7,212,Missouri State,1762796,5.2,5,0.8,2.04,96.2,23.1,Normal
James Johnson,PF,Brooklyn Nets,34,"6' 7""",6.7,240,Wake Forest,1669178,7.2,3.5,1.9,2.04,108.9,26.2,Overweight
Tyler Johnson,SG,Brooklyn Nets,29,"6' 3""",6.3,186,Fresno State,4447896,5.4,2,1.2,1.92,84.4,22.9,Normal
Timothe Luwawu-Cabarrot,SG,Brooklyn Nets,26,"6' 7""",6.7,220,Unknown,4447896,6.4,2.2,1.2,2.04,99.8,24,Normal
Patty Mills,PG,Brooklyn Nets,33,"6' 1""",6.1,180,Saint Mary's,5890000,10.8,1.7,2.4,1.86,81.6,23.6,Normal
Paul Millsap,PF,Brooklyn Nets,36,"6' 7""",6.7,257,Louisiana Tech,4447896,9,4.7,1.8,2.04,116.6,28,Overweight
Jahlil Okafor,C,Brooklyn Nets,25,"6' 10""",6.1,270,Duke,2130023,5.4,2.4,0.5,1.86,122.5,35.4,Obese II
Reggie Perry,PF,Brooklyn Nets,21,"6' 8""",6.8,250,Mississippi State,4447896,3,2.8,0.5,2.07,113.4,26.5,Overweight
Day'Ron Sharpe,C,Brooklyn Nets,19,"6' 11""",6.11,265,North Carolina,2009040,0,0,0,1.86,120.2,34.7,Obese I
Cameron Thomas,SG,Brooklyn Nets,19,"6' 4""",6.4,210,LSU,2036280,0,0,0,1.95,95.3,25.1,Overweight
Marcus Zegarowski,PG,Brooklyn Nets,23,"6' 2""",6.2,181,Creighton,4447896,0,0,0,1.89,82.1,23,Normal
Dwayne Bacon,SG,New York Knicks,26,"6' 6""",6.6,221,Florida State,1824003,10.9,3.1,1.3,2.01,100.2,24.8,Normal
RJ Barrett,SG,New York Knicks,21,"6' 6""",6.6,214,Duke,8623920,17.6,5.8,3,2.01,97.1,24,Normal
Alec Burks,SG,New York Knicks,30,"6' 6""",6.6,214,Colorado,9536000,12.7,4.6,2.2,2.01,97.1,24,Normal
Evan Fournier,G,New York Knicks,28,"6' 7""",6.7,205,Unknown,17000000,17.1,3,3.4,2.04,93,22.3,Normal
Taj Gibson,C,New York Knicks,36,"6' 9""",6.9,232,USC,4910000,5.4,5.6,0.8,2.1,105.2,23.9,Normal
Quentin Grimes,SG,New York Knicks,21,"6' 5""",6.5,205,Houston,2168760,0,0,0,1.98,93,23.7,Normal
Jared Harper,PG,New York Knicks,23,"5' 10""",5.1,175,Auburn,4447896,0.4,0.3,0.1,1.55,79.4,33,Obese I
Kevin Knox II,SF,New York Knicks,22,"6' 7""",6.7,215,Kentucky,5845979,3.9,1.5,0.5,2.04,97.5,23.4,Normal
Miles McBride,PG,New York Knicks,20,"6' 2""",6.2,200,West Virginia,925258,0,0,0,1.89,90.7,25.4,Overweight
Nerlens Noel,C,New York Knicks,27,"6' 11""",6.11,220,Kentucky,8000000,5.1,6.4,0.7,1.86,99.8,28.8,Overweight
Frank Ntilikina,PG,New York Knicks,23,"6' 4""",6.4,200,Unknown,4447896,2.7,0.9,0.6,1.95,90.7,23.9,Normal
Norvel Pelle,PF,New York Knicks,28,"6' 10""",6.1,231,St. John's,4447896,1.5,1.5,0.2,1.86,104.8,30.3,Obese I
Theo Pinson,SG,New York Knicks,25,"6' 5""",6.5,212,North Carolina,4447896,0.1,0.3,0.1,1.98,96.2,24.5,Normal
Immanuel Quickley,SG,New York Knicks,22,"6' 3""",6.3,190,Kentucky,2210640,11.4,2.1,2,1.92,86.2,23.4,Normal
Julius Randle,PF,New York Knicks,26,"6' 8""",6.8,250,Kentucky,21780000,24.1,10.2,6,2.07,113.4,26.5,Overweight
Mitchell Robinson,C,New York Knicks,23,"7' 0""",7,240,Unknown,1802057,8.3,8.1,0.5,2.13,108.9,24,Normal
Derrick Rose,PG,New York Knicks,32,"6' 2""",6.2,200,Memphis,13445120,14.7,2.6,4.2,1.89,90.7,25.4,Overweight
Jericho Sims,PF,New York Knicks,22,"6' 10""",6.1,245,Texas,4447896,0,0,0,1.86,111.1,32.1,Obese I
Obi Toppin,PF,New York Knicks,23,"6' 9""",6.9,220,Dayton,5105160,4.1,2.2,0.5,2.1,99.8,22.6,Normal
Luca Vildoza,PG,New York Knicks,26,"6' 3""",6.3,190,Unknown,3325000,0,0,0,1.92,86.2,23.4,Normal
Kemba Walker,PG,New York Knicks,31,"6' 0""",6,184,Connecticut,36016200,19.3,4,4.9,1.83,83.5,24.9,Normal
Charles Bassey,C,Philadelphia Sixers,20,"6' 11""",6.11,235,Western Kentucky,4447896,0,0,0,1.86,106.6,30.8,Obese I
Gary Clark,SF,Philadelphia Sixers,26,"6' 6""",6.6,225,Cincinnati,4447896,3.1,2.9,0.8,2.01,102.1,25.3,Overweight
Seth Curry,SG,Philadelphia Sixers,31,"6' 2""",6.2,185,Duke,8207518,12.5,2.4,2.7,1.89,83.9,23.5,Normal
Andre Drummond,C,Philadelphia Sixers,28,"6' 10""",6.1,279,Connecticut,1669178,14.9,12,2,1.86,126.6,36.6,Obese II
Joel Embiid,C,Philadelphia Sixers,27,"7' 0""",7,280,Kansas,31579390,28.5,10.6,2.8,2.13,127,28,Overweight
Danny Green,SF,Philadelphia Sixers,34,"6' 6""",6.6,215,North Carolina,10000000,9.5,3.8,1.7,2.01,97.5,24.1,Normal
Tobias Harris,PF,Philadelphia Sixers,29,"6' 8""",6.8,226,Tennessee,35995950,19.5,6.8,3.5,2.07,102.5,23.9,Normal
Aaron Henry,F,Philadelphia Sixers,22,"6' 6""",6.6,210,Michigan State,4447896,0,0,0,2.01,95.3,23.6,Normal
Isaiah Joe,SG,Philadelphia Sixers,22,"6' 4""",6.4,165,Arkansas,1517981,3.7,0.9,0.5,1.95,74.8,19.7,Normal
Furkan Korkmaz,SG,Philadelphia Sixers,24,"6' 7""",6.7,202,Unknown,4629630,9.1,2.1,1.5,2.04,91.6,22,Normal
Tyrese Maxey,PG,Philadelphia Sixers,20,"6' 2""",6.2,200,Kentucky,2602920,8,1.7,2,1.89,90.7,25.4,Overweight
Shake Milton,SG,Philadelphia Sixers,24,"6' 5""",6.5,205,SMU,1846738,13,2.3,3.1,1.98,93,23.7,Normal
Georges Niang,F,Philadelphia Sixers,28,"6' 7""",6.7,230,Iowa State,3300000,6.9,2.4,0.8,2.04,104.3,25.1,Overweight
Filip Petrusev,PF,Philadelphia Sixers,21,"6' 11""",6.11,235,Gonzaga,4447896,0,0,0,1.86,106.6,30.8,Obese I
Paul Reed,SF,Philadelphia Sixers,22,"6' 9""",6.9,210,DePaul,1517981,3.4,2.3,0.5,2.1,95.3,21.6,Normal
Grant Riller,G,Philadelphia Sixers,24,"6' 2""",6.2,190,Charleston,4447896,2.6,0.1,0.4,1.89,86.2,24.1,Normal
Mike Scott,PF,Philadelphia Sixers,33,"6' 7""",6.7,237,Virginia,4447896,4.2,2.4,0.8,2.04,107.5,25.8,Overweight
Ben Simmons,PG,Philadelphia Sixers,25,"6' 11""",6.11,240,LSU,33003936,14.3,7.2,6.9,1.86,108.9,31.5,Obese I
Jaden Springer,PG,Philadelphia Sixers,18,"6' 4""",6.4,204,Tennessee,2023800,0,0,0,1.95,92.5,24.3,Normal
Matisse Thybulle,SG,Philadelphia Sixers,24,"6' 5""",6.5,201,Washington,2840160,3.9,1.9,1,1.98,91.2,23.3,Normal
Precious Achiuwa,F,Toronto Raptors,21,"6' 8""",6.8,225,Memphis,2711280,5,3.4,0.5,2.07,102.1,23.8,Normal
OG Anunoby,SF,Toronto Raptors,24,"6' 7""",6.7,232,Indiana,16071429,15.9,5.5,2.2,2.04,105.2,25.3,Overweight
Dalano Banton,PG,Toronto Raptors,21,"6' 9""",6.9,204,Nebraska,925258,0,0,0,2.1,92.5,21,Normal
Scottie Barnes,SF,Toronto Raptors,20,"6' 9""",6.9,227,Florida State,7280520,0,0,0,2.1,103,23.4,Normal
Khem Birch,C,Toronto Raptors,28,"6' 9""",6.9,233,UNLV,6350000,7.2,5.8,1.3,2.1,105.7,24,Normal
Isaac Bonga,G,Toronto Raptors,21,"6' 8""",6.8,180,Unknown,1669178,2,1.7,0.6,2.07,81.6,19,Normal
Chris Boucher,PF,Toronto Raptors,28,"6' 9""",6.9,200,New Mexico JC,7020000,13.6,6.7,1.1,2.1,90.7,20.6,Normal
Sam Dekker,F,Toronto Raptors,27,"6' 9""",6.9,219,Wisconsin,1669178,0,0,0,2.1,99.3,22.5,Normal
Goran Dragic,PG,Toronto Raptors,35,"6' 3""",6.3,190,Unknown,19440000,13.4,3.4,4.4,1.92,86.2,23.4,Normal
Malachi Flynn,PG,Toronto Raptors,23,"6' 1""",6.1,175,San Diego State,2048040,7.5,2.5,2.9,1.86,79.4,23,Normal
Freddie Gillespie,SF,Toronto Raptors,24,"6' 9""",6.9,245,Baylor,1517981,5.6,4.9,0.5,2.1,111.1,25.2,Overweight
David Johnson,PG,Toronto Raptors,20,"6' 5""",6.5,210,Louisville,4447896,0,0,0,1.98,95.3,24.3,Normal
Stanley Johnson,SF,Toronto Raptors,25,"6' 6""",6.6,242,Arizona,4447896,4.4,2.5,1.5,2.01,109.8,27.2,Overweight
Pascal Siakam,PG,Toronto Raptors,27,"6' 9""",6.9,230,New Mexico State,33003936,21.4,7.2,4.5,2.1,104.3,23.7,Normal
Gary Trent Jr.,SG,Toronto Raptors,22,"6' 5""",6.5,209,Duke,16000000,15.3,2.6,1.4,1.98,94.8,24.2,Normal
Fred VanVleet,SG,Toronto Raptors,27,"6' 1""",6.1,197,Wichita State,19675926,19.6,4.2,6.3,1.86,89.4,25.8,Overweight
Yuta Watanabe,SF,Toronto Raptors,26,"6' 9""",6.9,215,George Washington,1762796,4.4,3.2,0.8,2.1,97.5,22.1,Normal
Ryan Arcidiacono,PG,Chicago Bulls,27,"6' 3""",6.3,195,Villanova,3000000,3.1,1.5,1.3,1.92,88.5,24,Normal
Lonzo Ball,PG,Chicago Bulls,23,"6' 6""",6.6,190,UCLA,18604651,14.6,4.8,5.7,2.01,86.2,21.3,Normal
Tony Bradley,C,Chicago Bulls,23,"6' 10""",6.1,248,North Carolina,1669178,7.1,5.7,0.9,1.86,112.5,32.5,Obese I
Troy Brown Jr.,SF,Chicago Bulls,22,"6' 6""",6.6,215,Oregon,5170564,4.7,3.1,0.9,2.01,97.5,24.1,Normal
Alex Caruso,SG,Chicago Bulls,27,"6' 4""",6.4,186,Texas A&M,8650651,6.4,2.9,2.8,1.95,84.4,22.2,Normal
DeMar DeRozan,SF,Chicago Bulls,32,"6' 6""",6.6,220,USC,26000000,21.6,4.2,6.9,2.01,99.8,24.7,Normal
Ayo Dosunmu,SG,Chicago Bulls,21,"6' 5""",6.5,200,Illinois,925258,0,0,0,1.98,90.7,23.1,Normal
Devon Dotson,PG,Chicago Bulls,22,"6' 2""",6.2,185,Kansas,4447896,2.1,0.5,0.6,1.89,83.9,23.5,Normal
Cristiano Felicio,PF,Chicago Bulls,29,"6' 11""",6.11,270,Unknown,4447896,1.3,1.4,0.5,1.86,122.5,35.4,Obese II
Javonte Green,PG,Chicago Bulls,28,"6' 4""",6.4,205,Radford,1669178,3.6,1.7,0.4,1.95,93,24.5,Normal
Derrick Jones Jr.,SF,Chicago Bulls,24,"6' 5""",6.5,210,UNLV,9720900,6.8,3.5,0.8,1.98,95.3,24.3,Normal
Zach LaVine,SG,Chicago Bulls,26,"6' 5""",6.5,200,UCLA,19500000,27.4,5,4.9,1.98,90.7,23.1,Normal
Adam Mokoka,SG,Chicago Bulls,23,"6' 4""",6.4,190,Unknown,4447896,1.1,0.4,0.4,1.95,86.2,22.7,Normal
Denzel Valentine,SG,Chicago Bulls,27,"6' 4""",6.4,220,Michigan State,4447896,6.5,3.2,1.7,1.95,99.8,26.2,Overweight
Nikola Vucevic,C,Chicago Bulls,30,"6' 11""",6.11,260,USC,24000000,23.4,11.7,3.8,1.86,117.9,34.1,Obese I
Coby White,PG,Chicago Bulls,21,"6' 5""",6.5,195,North Carolina,5837760,15.1,4.1,4.8,1.98,88.5,22.6,Normal
Patrick Williams,PF,Chicago Bulls,20,"6' 7""",6.7,215,Florida State,7422000,9.2,4.6,1.4,2.04,97.5,23.4,Normal
Jarrett Allen,C,Cleveland Cavaliers,23,"6' 11""",6.11,243,Texas,20000000,12.8,10,1.7,1.86,110.2,31.9,Obese I
Damyean Dotson,SG,Cleveland Cavaliers,27,"6' 5""",6.5,210,Houston,2000000,6.7,2,2,1.98,95.3,24.3,Normal
Darius Garland,PG,Cleveland Cavaliers,21,"6' 1""",6.1,192,Vanderbilt,7040880,17.4,2.4,6.1,1.86,87.1,25.2,Overweight
Mfiondu Kabengele,C,Cleveland Cavaliers,24,"6' 9""",6.9,250,Florida State,1701593,2.4,1.5,0.4,2.1,113.4,25.7,Overweight
Kevin Love,PF,Cleveland Cavaliers,33,"6' 8""",6.8,251,UCLA,31258256,12.2,7.4,2.5,2.07,113.9,26.6,Overweight
Lauri Markkanen,PF,Cleveland Cavaliers,24,"7' 0""",7,240,Arizona,15690909,13.6,5.3,0.9,2.13,108.9,24,Normal
Evan Mobley,C,Cleveland Cavaliers,20,"7' 0""",7,215,USC,8075160,0,0,0,2.13,97.5,21.5,Normal
Isaac Okoro,SF,Cleveland Cavaliers,20,"6' 5""",6.5,225,Auburn,6720720,9.6,3.1,1.9,1.98,102.1,26,Overweight
Cedi Osman,SF,Cleveland Cavaliers,26,"6' 7""",6.7,230,Unknown,8133334,10.4,3.4,2.9,2.04,104.3,25.1,Overweight
Ricky Rubio,G,Cleveland Cavaliers,30,"6' 3""",6.3,190,Unknown,17800000,8.6,3.3,6.4,1.92,86.2,23.4,Normal
Collin Sexton,PG,Cleveland Cavaliers,22,"6' 1""",6.1,190,Alabama,6439671,24.3,3.1,4.4,1.86,86.2,24.9,Normal
Lamar Stevens,F,Cleveland Cavaliers,24,"6' 6""",6.6,230,Penn State,1517981,4.1,2.4,0.6,2.01,104.3,25.8,Overweight
Brodric Thomas,G,Cleveland Cavaliers,24,"6' 5""",6.5,185,Truman State,4447896,3.9,1.7,0.9,1.98,83.9,21.4,Normal
Dean Wade,PF,Cleveland Cavaliers,24,"6' 9""",6.9,228,Kansas State,1782621,6,3.4,1.2,2.1,103.4,23.4,Normal
Dylan Windler,SG,Cleveland Cavaliers,24,"6' 6""",6.6,196,Belmont,2239200,5.2,3.5,1.1,2.01,88.9,22,Normal
Saddiq Bey,SF,Detroit Pistons,22,"6' 7""",6.7,215,Villanova,2824320,12.2,4.5,1.4,2.04,97.5,23.4,Normal
Cade Cunningham,PG,Detroit Pistons,19,"6' 7""",6.7,220,Oklahoma State,10050120,0,0,0,2.04,99.8,24,Normal
Hamidou Diallo,SG,Detroit Pistons,23,"6' 5""",6.5,202,Kentucky,5200000,11.6,5.2,1.9,1.98,91.6,23.4,Normal
Luka Garza,C,Detroit Pistons,22,"6' 10""",6.1,243,Iowa,4447896,0,0,0,1.86,110.2,31.9,Obese I
Jerami Grant,SF,Detroit Pistons,27,"6' 8""",6.8,210,Syracuse,20002500,22.3,4.6,2.8,2.07,95.3,22.2,Normal
Killian Hayes,PG,Detroit Pistons,20,"6' 5""",6.5,195,Unknown,5572680,6.8,2.7,5.3,1.98,88.5,22.6,Normal
Frank Jackson,PG,Detroit Pistons,23,"6' 3""",6.3,205,Duke,3000000,9.8,2.2,0.9,1.92,93,25.2,Overweight
Josh Jackson,SG,Detroit Pistons,24,"6' 8""",6.8,207,Kansas,5005350,13.4,4.1,2.3,2.07,93.9,21.9,Normal
Cory Joseph,PG,Detroit Pistons,30,"6' 3""",6.3,200,Texas,12600000,8.2,2.5,3.4,1.92,90.7,24.6,Normal
Balsa Koprivica,C,Detroit Pistons,21,"7' 1""",7.1,240,Florida State,4447896,0,0,0,2.16,108.9,23.3,Normal
Saben Lee,PG,Detroit Pistons,22,"6' 2""",6.2,183,Vanderbilt,1489065,5.6,2,3.6,1.89,83,23.2,Normal
Isaiah Livers,PF,Detroit Pistons,23,"6' 6""",6.6,232,Michigan,1057260,0,0,0,2.01,105.2,26,Overweight
Trey Lyles,PF,Detroit Pistons,25,"6' 9""",6.9,234,Kentucky,2500000,5,3.7,0.6,2.1,106.1,24.1,Normal
Rodney McGruder,SG,Detroit Pistons,30,"6' 4""",6.4,205,Kansas State,1669178,5.7,1.4,1,1.95,93,24.5,Normal
Kelly Olynyk,PF,Detroit Pistons,30,"6' 11""",6.11,240,Gonzaga,12195122,13.5,7,2.9,1.86,108.9,31.5,Obese I
Chris Smith,F,Detroit Pistons,21,"6' 8""",6.8,215,UCLA,4447896,0,0,0,2.07,97.5,22.8,Normal
Dennis Smith Jr.,PG,Detroit Pistons,23,"6' 2""",6.2,205,North Carolina State,4447896,6.7,2.4,3.3,1.89,93,26,Overweight
Isaiah Stewart,C,Detroit Pistons,20,"6' 8""",6.8,250,Washington,3277080,7.9,6.7,0.9,2.07,113.4,26.5,Overweight
Goga Bitadze,C,Indiana Pacers,22,"6' 11""",6.11,250,Unknown,3098400,5.1,3.3,0.8,1.86,113.4,32.8,Obese I
Oshae Brissett,SF,Indiana Pacers,23,"6' 7""",6.7,210,Syracuse,1701593,10.9,5.5,0.9,2.04,95.3,22.9,Normal
Malcolm Brogdon,PG,Indiana Pacers,28,"6' 5""",6.5,229,Virginia,21700000,21.2,5.3,5.9,1.98,103.9,26.5,Overweight
Torrey Craig,SF,Indiana Pacers,30,"6' 7""",6.7,221,USC Upstate,4878049,5.5,3.9,1,2.04,100.2,24.1,Normal
Chris Duarte,SG,Indiana Pacers,24,"6' 6""",6.6,190,Oregon,3749400,0,0,0,2.01,86.2,21.3,Normal
Justin Holiday,SF,Indiana Pacers,32,"6' 6""",6.6,180,Washington,6006420,10.5,3.6,1.7,2.01,81.6,20.2,Normal
Isaiah Jackson,PF,Indiana Pacers,19,"6' 10""",6.1,205,Kentucky,2451240,0,0,0,1.86,93,26.9,Overweight
DeJon Jarreau,F,Indiana Pacers,23,"6' 5""",6.5,185,Houston,4447896,0,0,0,1.98,83.9,21.4,Normal
Jeremy Lamb,SG,Indiana Pacers,29,"6' 5""",6.5,180,Connecticut,10500000,10.1,3.6,1.5,1.98,81.6,20.8,Normal
Caris LeVert,SG,Indiana Pacers,27,"6' 6""",6.6,205,Michigan,17500000,20.2,4.6,5.2,2.01,93,23,Normal
Kelan Martin,SG,Indiana Pacers,26,"6' 5""",6.5,230,Butler,1701593,4.5,2.2,0.5,1.98,104.3,26.6,Overweight
T.J. McConnell,PG,Indiana Pacers,29,"6' 1""",6.1,190,Arizona,7500000,8.6,3.7,6.6,1.86,86.2,24.9,Normal
Domantas Saboni,PF,Indiana Pacers,25,"6' 11""",6.11,240,Gonzaga,19800000,0,0,0,1.86,108.9,31.5,Obese I
JaKarr Sampson,SF,Indiana Pacers,28,"6' 7""",6.7,214,St. John's,4447896,4.6,2.7,0.1,2.04,97.1,23.3,Normal
Cassius Stanley,SG,Indiana Pacers,22,"6' 5""",6.5,190,Duke,4447896,1.5,0.8,0,1.98,86.2,22,Normal
Edmond Sumner,PG,Indiana Pacers,25,"6' 4""",6.4,196,Xavier,2320000,7.5,1.8,0.9,1.95,88.9,23.4,Normal
Myles Turner,C,Indiana Pacers,25,"6' 11""",6.11,250,Texas,18000000,12.6,6.5,1,1.86,113.4,32.8,Obese I
T.J. Warren,SF,Indiana Pacers,28,"6' 8""",6.8,220,North Carolina State,12940000,15.5,3.5,1.3,2.07,99.8,23.3,Normal
Grayson Allen,SG,Milwaukee Bucks,25,"6' 4""",6.4,198,Duke,4054695,10.6,3.2,2.2,1.95,89.8,23.6,Normal
Giannis Antetokounmpo,PF,Milwaukee Bucks,26,"6' 11""",6.11,242,Unknown,39344970,28.1,11,5.9,1.86,109.8,31.7,Obese I
Thanasis Antetokounmpo,SF,Milwaukee Bucks,29,"6' 6""",6.6,219,Unknown,1669178,2.9,2.2,0.8,2.01,99.3,24.6,Normal
Elijah Bryant,SG,Milwaukee Bucks,26,"6' 5""",6.5,210,BYU,1517981,16,6,3,1.98,95.3,24.3,Normal
Pat Connaughton,SG,Milwaukee Bucks,28,"6' 5""",6.5,209,Notre Dame,5333334,6.8,4.8,1.2,1.98,94.8,24.2,Normal
Donte DiVincenzo,SG,Milwaukee Bucks,24,"6' 4""",6.4,203,Villanova,4675830,10.4,5.8,3.1,1.95,92.1,24.2,Normal
Mamadi Diakite,PF,Milwaukee Bucks,24,"6' 9""",6.9,228,Virginia,1517981,3.1,2.4,0.6,2.1,103.4,23.4,Normal
George Hill,G,Milwaukee Bucks,35,"6' 4""",6.4,188,IUPUI,4000000,8.7,2,2.4,1.95,85.3,22.4,Normal
Jrue Holiday,PG,Milwaukee Bucks,31,"6' 3""",6.3,205,UCLA,32413333,17.7,4.5,6.1,1.92,93,25.2,Overweight
Rodney Hood,SG,Milwaukee Bucks,28,"6' 8""",6.8,208,Duke,1669178,4.5,1.9,1,2.07,94.3,22,Normal
Justin Jackson,SF,Milwaukee Bucks,26,"6' 8""",6.8,220,North Carolina,4447896,7.2,2.3,1.5,2.07,99.8,23.3,Normal
Rodions Kurucs,SF,Milwaukee Bucks,23,"6' 9""",6.9,228,Unknown,4447896,1.5,1.1,0.5,2.1,103.4,23.4,Normal
Brook Lopez,C,Milwaukee Bucks,33,"7' 0""",7,282,Stanford,13302325,12.3,5,0.7,2.13,127.9,28.2,Overweight
Sandro Mamukelashvili,C,Milwaukee Bucks,22,"6' 11""",6.11,240,Seton Hall,4447896,0,0,0,1.86,108.9,31.5,Obese I
Khris Middleton,SF,Milwaukee Bucks,30,"6' 7""",6.7,222,Texas A&M,35500000,20.4,6,5.4,2.04,100.7,24.2,Normal
Jordan Nwora,SF,Milwaukee Bucks,22,"6' 8""",6.8,225,Louisville,1517981,5.7,2,0.2,2.07,102.1,23.8,Normal
Semi Ojeleye,PF,Milwaukee Bucks,26,"6' 6""",6.6,240,SMU,1669178,4.6,2.6,0.7,2.01,108.9,27,Overweight
Bobby Portis,C,Milwaukee Bucks,26,"6' 10""",6.1,250,Arkansas,4447896,11.4,7.1,1.1,1.86,113.4,32.8,Obese I
Jeff Teague,PG,Milwaukee Bucks,33,"6' 3""",6.3,195,Wake Forest,4447896,6.7,1.6,2.4,1.92,88.5,24,Normal
Axel Toupane,SG,Milwaukee Bucks,29,"6' 7""",6.7,210,Unknown,4447896,1.8,0.8,0.5,2.04,95.3,22.9,Normal
Bogdan Bogdanovic,SG,Atlanta Hawks,29,"6' 6""",6.6,220,Unknown,18000000,16.4,3.6,3.3,2.01,99.8,24.7,Normal
Clint Capela,C,Atlanta Hawks,27,"6' 10""",6.1,240,Unknown,18603448,15.2,14.3,0.8,1.86,108.9,31.5,Obese I
John Collins,PF,Atlanta Hawks,23,"6' 9""",6.9,235,Wake Forest,23000000,17.6,7.4,1.2,2.1,106.6,24.2,Normal
Sharife Cooper,PG,Atlanta Hawks,20,"6' 1""",6.1,180,Auburn,4447896,0,0,0,1.86,81.6,23.6,Normal
Gorgui Dieng,C,Atlanta Hawks,31,"6' 10""",6.1,252,Louisville,4000000,6.8,3.7,1.3,1.86,114.3,33,Obese I
Danilo Gallinari,PF,Atlanta Hawks,33,"6' 10""",6.1,233,Unknown,20475000,13.3,4.1,1.5,1.86,105.7,30.6,Obese I
Brandon Goodwin,PG,Atlanta Hawks,25,"6' 0""",6,180,Florida Gulf Coast,4447896,4.9,1.5,2,1.83,81.6,24.4,Normal
Solomon Hill,SF,Atlanta Hawks,30,"6' 6""",6.6,226,Arizona,1669178,4.5,3,1.1,2.01,102.5,25.4,Overweight
Kevin Huerter,SG,Atlanta Hawks,23,"6' 7""",6.7,190,Maryland,4253357,11.9,3.3,3.5,2.04,86.2,20.7,Normal
De'Andre Hunter,SF,Atlanta Hawks,23,"6' 8""",6.8,225,Virginia,7775400,15,4.8,1.9,2.07,102.1,23.8,Normal
Jalen Johnson,SF,Atlanta Hawks,19,"6' 9""",6.9,220,Duke,2659580,0,0,0,2.1,99.8,22.6,Normal
Skylar Mays,SG,Atlanta Hawks,24,"6' 4""",6.4,205,LSU,4447896,3.8,1.1,0.9,1.95,93,24.5,Normal
Onyeka Okongwu,PF,Atlanta Hawks,20,"6' 8""",6.8,235,USC,6104280,4.6,3.3,0.4,2.07,106.6,24.9,Normal
Cam Reddish,SF,Atlanta Hawks,22,"6' 8""",6.8,218,Duke,4670160,11.2,4,1.3,2.07,98.9,23.1,Normal
Lou Williams,SG,Atlanta Hawks,34,"6' 1""",6.1,175,Unknown,5000000,11.3,2.1,3.4,1.86,79.4,23,Normal
Delon Wright,SG,Atlanta Hawks,29,"6' 5""",6.5,185,Utah,8526316,10.2,4.3,4.4,1.98,83.9,21.4,Normal
Trae Young,PG,Atlanta Hawks,22,"6' 1""",6.1,180,Oklahoma,8326471,25.3,3.9,9.4,1.86,81.6,23.6,Normal
LaMelo Ball,PG,Charlotte Hornets,20,"6' 6""",6.6,180,Unknown,8231760,15.7,5.9,6.1,2.01,81.6,20.2,Normal
Bismack Biyombo,C,Charlotte Hornets,29,"6' 8""",6.8,255,Unknown,4447896,5,5.3,1.2,2.07,115.7,27,Overweight
James Bouknight,SG,Charlotte Hornets,20,"6' 5""",6.5,190,Connecticut,4154400,0,0,0,1.98,86.2,22,Normal
Miles Bridges,SF,Charlotte Hornets,23,"6' 6""",6.6,225,Michigan State,5421493,12.7,6,2.2,2.01,102.1,25.3,Overweight
Vernon Carey Jr.,C,Charlotte Hornets,20,"6' 9""",6.9,270,Duke,1517981,2.4,1.4,0.1,2.1,122.5,27.8,Overweight
Nate Darling,SG,Charlotte Hornets,23,"6' 6""",6.6,200,Delaware,4447896,1.3,0.1,0.1,2.01,90.7,22.4,Normal
Gordon Hayward,SF,Charlotte Hornets,31,"6' 7""",6.7,225,Butler,29925000,19.6,5.9,4.1,2.04,102.1,24.5,Normal
Wes Iwundu,SF,Charlotte Hornets,26,"6' 6""",6.6,195,Kansas State,1824003,2.4,2.2,0.4,2.01,88.5,21.9,Normal
Kai Jones,PF,Charlotte Hornets,20,"6' 11""",6.11,218,Texas,2770560,0,0,0,1.86,98.9,28.6,Overweight
Scottie Lewis,SG,Charlotte Hornets,21,"6' 5""",6.5,189,Florida,4447896,0,0,0,1.98,85.7,21.9,Normal
Caleb Martin,SF,Charlotte Hornets,25,"6' 5""",6.5,205,Nevada,4447896,5,2.7,1.3,1.98,93,23.7,Normal
Cody Martin,SF,Charlotte Hornets,25,"6' 5""",6.5,205,Nevada,1782621,4,3.1,1.7,1.98,93,23.7,Normal
Jalen McDaniels,PF,Charlotte Hornets,23,"6' 9""",6.9,205,San Diego State,1782621,7.4,3.6,1.1,2.1,93,21.1,Normal
Kelly Oubre Jr.,SG,Charlotte Hornets,25,"6' 7""",6.7,203,Kansas,12000000,15.4,6,1.3,2.04,92.1,22.1,Normal
Mason Plumlee,C,Charlotte Hornets,31,"6' 11""",6.11,254,Duke,9248333,10.4,9.3,3.6,1.86,115.2,33.3,Obese I
Nick Richards,C,Charlotte Hornets,23,"7' 0""",7,245,Kentucky,1517981,0.8,0.6,0.1,2.13,111.1,24.5,Normal
Terry Rozier,SG,Charlotte Hornets,27,"6' 1""",6.1,190,Louisville,17905263,20.4,4.4,4.2,1.86,86.2,24.9,Normal
Ish Smith,PG,Charlotte Hornets,33,"6' 0""",6,175,Wake Forest,4500000,6.7,3.4,3.9,1.83,79.4,23.7,Normal
JT Thor,PF,Charlotte Hornets,19,"6' 10""",6.1,205,Auburn,1250000,0,0,0,1.86,93,26.9,Overweight
Brad Wanamaker,PG,Charlotte Hornets,32,"6' 3""",6.3,210,Pittsburgh,4447896,5.5,1.7,2.9,1.92,95.3,25.9,Overweight
P.J. Washington,PF,Charlotte Hornets,23,"6' 7""",6.7,230,Kentucky,4215120,12.9,6.5,2.5,2.04,104.3,25.1,Overweight
Bam Adebayo,C,Miami Heat,24,"6' 9""",6.9,255,Kentucky,28103500,18.7,9,5.4,2.1,115.7,26.2,Overweight
Jimmy Butler,SF,Miami Heat,31,"6' 7""",6.7,230,Marquette,36016200,21.5,6.9,7.1,2.04,104.3,25.1,Overweight
Dewayne Dedmon,C,Miami Heat,32,"7' 0""",7,245,USC,1669178,7.1,5.4,0.8,2.13,111.1,24.5,Normal
Marcus Garrett,G,Miami Heat,22,"6' 5""",6.5,195,Kansas,4447896,0,0,0,1.98,88.5,22.6,Normal
Udonis Haslem,PF,Miami Heat,41,"6' 8""",6.8,235,Florida,1669178,4,1,0,2.07,106.6,24.9,Normal
Tyler Herro,PG,Miami Heat,21,"6' 5""",6.5,195,Kentucky,4004280,15.1,5,3.4,1.98,88.5,22.6,Normal
Kyle Lowry,PG,Miami Heat,35,"6' 0""",6,196,Villanova,26894128,17.2,5.4,7.3,1.83,88.9,26.5,Overweight
Markieff Morris,PF,Miami Heat,32,"6' 9""",6.9,245,Kansas,1669178,6.7,4.4,1.2,2.1,111.1,25.2,Overweight
RJ Nembhard,SG,Miami Heat,22,"6' 5""",6.5,200,TCU,4447896,0,0,0,1.98,90.7,23.1,Normal
KZ Okpala,SF,Miami Heat,22,"6' 8""",6.8,215,Stanford,1782621,2.5,1.8,0.5,2.07,97.5,22.8,Normal
Victor Oladipo,SG,Miami Heat,29,"6' 4""",6.4,213,Indiana,1669178,19.8,4.8,4.6,1.95,96.6,25.4,Overweight
Duncan Robinson,SG,Miami Heat,27,"6' 7""",6.7,215,Michigan,15650000,13.1,3.5,1.8,2.04,97.5,23.4,Normal
D.J. Stewart Jr.,G,Miami Heat,22,"6' 6""",6.6,205,Mississippi State,4447896,0,0,0,2.01,93,23,Normal
Max Strus,SG,Miami Heat,25,"6' 5""",6.5,215,DePaul,1669178,6.1,1.1,0.6,1.98,97.5,24.9,Normal
P.J. Tucker,PF,Miami Heat,36,"6' 5""",6.5,245,Texas,7000000,3.7,3.9,1.2,1.98,111.1,28.3,Overweight
Gabe Vincent,PG,Miami Heat,25,"6' 3""",6.3,200,UC Santa Barbara,1669178,4.8,1.1,1.3,1.92,90.7,24.6,Normal
Omer Yurtseven,C,Miami Heat,23,"7' 0""",7,275,Georgetown,1489065,0,0,0,2.13,124.7,27.5,Overweight
Cole Anthony,PG,Orlando Magic,21,"6' 2""",6.2,185,North Carolina,3449400,12.9,4.7,4.1,1.89,83.9,23.5,Normal
Mo Bamba,C,Orlando Magic,23,"7' 0""",7,231,Texas,7568743,8,5.8,0.8,2.13,104.8,23.1,Normal
Ignas Brazdeikis,SF,Orlando Magic,22,"6' 6""",6.6,221,Michigan,4447896,7,3.5,1.3,2.01,100.2,24.8,Normal
Wendell Carter Jr.,C,Orlando Magic,22,"6' 10""",6.1,270,Duke,6920027,11.2,8.2,1.9,1.86,122.5,35.4,Obese II
Michael Carter-Williams,PG,Orlando Magic,29,"6' 5""",6.5,190,Syracuse,3300000,8.8,4.5,4.2,1.98,86.2,22,Normal
Jeff Dowtin,G,Orlando Magic,24,"6' 3""",6.3,185,Rhode Island,4447896,0,0,0,1.92,83.9,22.8,Normal
James Ennis III,SF,Orlando Magic,31,"6' 6""",6.6,215,Long Beach State,4447896,8.4,4,1.5,2.01,97.5,24.1,Normal
Markelle Fultz,PG,Orlando Magic,23,"6' 3""",6.3,209,Washington,16500000,12.9,3.1,5.4,1.92,94.8,25.7,Overweight
Hassani Gravett,G,Orlando Magic,25,"6' 2""",6.2,188,South Carolina,4447896,0,0,0,1.89,85.3,23.9,Normal
R.J. Hampton,PG,Orlando Magic,20,"6' 4""",6.4,175,Unknown,2303040,6.9,3.5,1.7,1.95,79.4,20.9,Normal
Gary Harris,SG,Orlando Magic,26,"6' 4""",6.4,210,Michigan State,20482143,9.9,2,2,1.95,95.3,25.1,Overweight
Jonathan Isaac,PF,Orlando Magic,23,"6' 11""",6.11,230,Florida State,17400000,0,0,0,1.86,104.3,30.1,Obese I
Robin Lopez,C,Orlando Magic,33,"7' 0""",7,281,Stanford,5000000,9,3.8,0.8,2.13,127.5,28.1,Overweight
Chuma Okeke,PF,Orlando Magic,23,"6' 6""",6.6,229,Auburn,3277080,7.8,4,2.2,2.01,103.9,25.7,Overweight
Chasson Randle,PG,Orlando Magic,28,"6' 2""",6.2,185,Stanford,4447896,6.5,2,1.8,1.89,83.9,23.5,Normal
Terrence Ross,SG,Orlando Magic,30,"6' 6""",6.6,206,Washington,12500000,15.6,3.4,2.3,2.01,93.4,23.1,Normal
Jalen Suggs,SG,Orlando Magic,20,"6' 4""",6.4,205,Gonzaga,6593040,0,0,0,1.95,93,24.5,Normal
Jon Teske,C,Orlando Magic,24,"7' 1""",7.1,265,Michigan,4447896,0,0,0,2.16,120.2,25.8,Overweight
Sindarius Thornwell,SG,Orlando Magic,26,"6' 4""",6.4,215,South Carolina,4447896,2,0.9,1,1.95,97.5,25.6,Overweight
Franz Wagner,SF,Orlando Magic,20,"6' 9""",6.9,220,Michigan,5007840,0,0,0,2.1,99.8,22.6,Normal
Moritz Wagner,C,Orlando Magic,24,"6' 11""",6.11,245,Michigan,1669178,6.9,3.2,1.1,1.86,111.1,32.1,Obese I
Deni Avdija,SF,Washington Wizards,20,"6' 9""",6.9,210,Unknown,4692840,6.3,4.9,1.2,2.1,95.3,21.6,Normal
Bradley Beal,SG,Washington Wizards,28,"6' 3""",6.3,207,Florida,33724200,31.3,4.7,4.4,1.92,93.9,25.5,Overweight
Davis Bertans,SF,Washington Wizards,28,"6' 10""",6.1,225,Unknown,16000000,11.5,2.9,0.9,1.86,102.1,29.5,Overweight
Thomas Bryant,C,Washington Wizards,24,"6' 10""",6.1,248,Indiana,8666667,14.3,6.1,1.5,1.86,112.5,32.5,Obese I
Kentavious Caldwell-Pope,SG,Washington Wizards,28,"6' 5""",6.5,204,Georgia,13038862,9.7,2.7,1.9,1.98,92.5,23.6,Normal
Spencer Dinwiddie,PG,Washington Wizards,28,"6' 5""",6.5,215,Colorado,17142857,6.7,4.3,3,1.98,97.5,24.9,Normal
Daniel Gafford,C,Washington Wizards,22,"6' 10""",6.1,234,Arkansas,1782621,7,4.3,0.5,1.86,106.1,30.7,Obese I
Anthony Gill,PF,Washington Wizards,28,"6' 7""",6.7,230,Virginia,1517981,3.1,2,0.4,2.04,104.3,25.1,Overweight
Rui Hachimura,PF,Washington Wizards,23,"6' 8""",6.8,230,Gonzaga,4916160,13.8,5.5,1.4,2.07,104.3,24.3,Normal
Montrezl Harrell,C,Washington Wizards,27,"6' 7""",6.7,240,Louisville,9720900,13.5,6.2,1.1,2.04,108.9,26.2,Overweight
Aaron Holiday,PG,Washington Wizards,24,"6' 0""",6,185,UCLA,3980551,7.2,1.3,1.9,1.83,83.9,25.1,Overweight
Caleb Homesley,SG,Washington Wizards,24,"6' 6""",6.6,205,Liberty,1517981,0,0,0,2.01,93,23,Normal
Corey Kispert,SF,Washington Wizards,22,"6' 7""",6.7,220,Gonzaga,3383640,0,0,0,2.04,99.8,24,Normal
Kyle Kuzma,SF,Washington Wizards,26,"6' 10""",6.1,221,Utah,13000000,12.9,6.1,1.9,1.86,100.2,29,Overweight
Garrison Mathews,SG,Washington Wizards,24,"6' 5""",6.5,215,David Lipscomb University,4447896,5.5,1.4,0.4,1.98,97.5,24.9,Normal
Raul Neto,PG,Washington Wizards,29,"6' 1""",6.1,180,Unknown,1669178,8.7,2.4,2.3,1.86,81.6,23.6,Normal
Isaiah Todd,PF,Washington Wizards,19,"6' 10""",6.1,210,Unknown,1500000,0,0,0,1.86,95.3,27.5,Overweight
Cassius Winston,PG,Washington Wizards,23,"6' 1""",6.1,185,Michigan State,4447896,1.9,0.4,0.5,1.86,83.9,24.3,Normal
Jordan Bell,F,Golden State Warriors,26,"6' 8""",6.8,216,Oregon,4447896,2.5,4,1.2,2.07,98,22.9,Normal
Nemanja Bjelica,PF,Golden State Warriors,33,"6' 10""",6.1,234,Unknown,1669178,6.5,3.4,1.9,1.86,106.1,30.7,Obese I
Chris Chiozza,F,Golden State Warriors,25,"5' 11""",5.11,175,Florida,4447896,4,1.1,3,1.56,79.4,32.6,Obese I
Stephen Curry,PG,Golden State Warriors,33,"6' 3""",6.3,185,Davidson,45780966,32,5.5,5.8,1.92,83.9,22.8,Normal
Draymond Green,PF,Golden State Warriors,31,"6' 6""",6.6,230,Michigan State,24026712,7,7.1,8.9,2.01,104.3,25.8,Overweight
Andre Iguodala,F,Golden State Warriors,37,"6' 6""",6.6,215,Arizona,1669178,4.4,3.5,2.3,2.01,97.5,24.1,Normal
Jonathan Kuminga,PF,Golden State Warriors,18,"6' 7""",6.7,225,Unknown,5466360,0,0,0,2.04,102.1,24.5,Normal
Damion Lee,SG,Golden State Warriors,28,"6' 5""",6.5,210,Drexel,1910860,6.5,3.2,1.3,1.98,95.3,24.3,Normal
Kevon Looney,C,Golden State Warriors,25,"6' 9""",6.9,222,UCLA,5178572,4.1,5.3,2,2.1,100.7,22.8,Normal
Nico Mannion,PG,Golden State Warriors,20,"6' 2""",6.2,190,Arizona,4447896,4.1,1.5,2.3,1.89,86.2,24.1,Normal
Moses Moody,SG,Golden State Warriors,19,"6' 5""",6.5,211,Arkansas,3562200,0,0,0,1.98,95.7,24.4,Normal
Mychal Mulder,SG,Golden State Warriors,27,"6' 3""",6.3,184,Kentucky,1782621,5.6,1,0.4,1.92,83.5,22.7,Normal
Gary Payton II,PG,Golden State Warriors,28,"6' 3""",6.3,195,Salt Lake CC UT,1977011,2.5,1.1,0.1,1.92,88.5,24,Normal
Jordan Poole,SG,Golden State Warriors,22,"6' 4""",6.4,194,Michigan,2161440,12,1.8,1.9,1.95,88,23.1,Normal
Otto Porter Jr.,SF,Golden State Warriors,28,"6' 8""",6.8,198,Georgetown,1669178,9.7,5.4,2,2.07,89.8,21,Normal
Klay Thompson,SG,Golden State Warriors,31,"6' 6""",6.6,215,Washington State,37980720,0,0,0,2.01,97.5,24.1,Normal
Juan Toscano-Anderson,SF,Golden State Warriors,28,"6' 6""",6.6,209,Marquette,1701593,5.7,4.4,2.8,2.01,94.8,23.5,Normal
Andrew Wiggins,SF,Golden State Warriors,26,"6' 7""",6.7,197,Kansas,31579390,18.6,4.9,2.4,2.04,89.4,21.5,Normal
James Wiseman,C,Golden State Warriors,20,"7' 0""",7,240,Memphis,9166800,11.5,5.8,0.7,2.13,108.9,24,Normal
Nicolas Batum,PF,Los Angeles Clippers,32,"6' 8""",6.8,230,Unknown,3170029,8.1,4.7,2.2,2.07,104.3,24.3,Normal
Eric Bledsoe,SG,Los Angeles Clippers,31,"6' 1""",6.1,214,Kentucky,18125000,12.2,3.4,3.8,1.86,97.1,28.1,Overweight
Amir Coffey,SG,Los Angeles Clippers,24,"6' 7""",6.7,210,Minnesota,4447896,3.2,1,0.5,2.04,95.3,22.9,Normal
DeMarcus Cousins,C,Los Angeles Clippers,31,"6' 10""",6.1,270,Kentucky,4447896,8.9,6.4,1.9,1.86,122.5,35.4,Obese II
Yogi Ferrell,PG,Los Angeles Clippers,28,"6' 0""",6,178,Indiana,1782621,5.6,1.9,2.2,1.83,80.7,24.1,Normal
Paul George,SG,Los Angeles Clippers,31,"6' 8""",6.8,220,Fresno State,39344900,23.3,6.6,5.2,2.07,99.8,23.3,Normal
Serge Ibaka,C,Los Angeles Clippers,31,"6' 10""",6.1,235,Unknown,9720900,11.1,6.7,1.8,1.86,106.6,30.8,Obese I
Reggie Jackson,PG,Los Angeles Clippers,31,"6' 2""",6.2,208,Boston College,10384500,10.7,2.9,3.1,1.89,94.3,26.4,Overweight
Keon Johnson,SG,Los Angeles Clippers,19,"6' 5""",6.5,186,Tennessee,2553120,0,0,0,1.98,84.4,21.5,Normal
Luke Kennard,SG,Los Angeles Clippers,25,"6' 5""",6.5,206,Duke,13347727,8.3,2.6,1.7,1.98,93.4,23.8,Normal
Kawhi Leonard,SF,Los Angeles Clippers,30,"6' 7""",6.7,225,San Diego State,36016200,24.8,6.5,5.2,2.04,102.1,24.5,Normal
Terance Mann,SG,Los Angeles Clippers,24,"6' 5""",6.5,215,Florida State,1782621,7,3.6,1.6,1.98,97.5,24.9,Normal
Marcus Morris Sr.,SF,Los Angeles Clippers,32,"6' 8""",6.8,218,Kansas,15627907,13.4,4.1,1,2.07,98.9,23.1,Normal
Patrick Patterson,PF,Los Angeles Clippers,32,"6' 8""",6.8,235,Kentucky,4447896,5.2,2,0.8,2.07,106.6,24.9,Normal
Jason Preston,PG,Los Angeles Clippers,22,"6' 4""",6.4,187,Ohio,1062303,0,0,0,1.95,84.8,22.3,Normal
Jay Scrubb,SG,Los Angeles Clippers,21,"6' 5""",6.5,220,John A. Logan College,4447896,8.8,3.5,0.3,1.98,99.8,25.5,Overweight
Justise Winslow,PF,Los Angeles Clippers,25,"6' 6""",6.6,222,Duke,3902439,6.8,4.5,1.9,2.01,100.7,24.9,Normal
Ivica Zubac,C,Los Angeles Clippers,24,"7' 0""",7,240,Unknown,7518518,9,7.2,1.3,2.13,108.9,24,Normal
Kostas Antetokounmpo,PF,Los Angeles Lakers,23,"6' 10""",6.1,200,Dayton,4447896,0.8,1.3,0.1,1.86,90.7,26.2,Overweight
Carmelo Anthony,PF,Los Angeles Lakers,37,"6' 7""",6.7,238,Syracuse,1669178,13.4,3.1,1.5,2.04,108,26,Overweight
Trevor Ariza,SF,Los Angeles Lakers,36,"6' 8""",6.8,215,UCLA,1669178,9.4,4.8,1.8,2.07,97.5,22.8,Normal
Kent Bazemore,SF,Los Angeles Lakers,32,"6' 4""",6.4,195,Old Dominion,1669178,7.2,3.4,1.6,1.95,88.5,23.3,Normal
Devontae Cacok,PF,Los Angeles Lakers,24,"6' 7""",6.7,240,North Carolina-Wilmington,4447896,2,1.6,0.1,2.04,108.9,26.2,Overweight
Anthony Davis,PF,Los Angeles Lakers,28,"6' 10""",6.1,253,Kentucky,35361360,21.8,7.9,3.1,1.86,114.8,33.2,Obese I
Wayne Ellington,SG,Los Angeles Lakers,33,"6' 4""",6.4,207,North Carolina,1669178,9.6,1.8,1.5,1.95,93.9,24.7,Normal
Marc Gasol,C,Los Angeles Lakers,36,"6' 11""",6.11,255,Unknown,2692991,5,4.1,2.1,1.86,115.7,33.4,Obese I
Talen Horton-Tucker,SG,Los Angeles Lakers,20,"6' 4""",6.4,234,Iowa State,9500000,9,2.6,2.8,1.95,106.1,27.9,Overweight
Dwight Howard,C,Los Angeles Lakers,35,"6' 10""",6.1,265,Unknown,1669178,7,8.4,0.9,1.86,120.2,34.7,Obese I
LeBron James,SF,Los Angeles Lakers,36,"6' 9""",6.9,250,Unknown,41180544,25,7.7,7.8,2.1,113.4,25.7,Overweight
Wesley Matthews,SG,Los Angeles Lakers,34,"6' 4""",6.4,220,Marquette,4447896,4.8,1.6,0.9,1.95,99.8,26.2,Overweight
Malik Monk,SG,Los Angeles Lakers,23,"6' 3""",6.3,200,Kentucky,1669178,11.7,2.4,2.1,1.92,90.7,24.6,Normal
Kendrick Nunn,G,Los Angeles Lakers,26,"6' 2""",6.2,190,Illinois,5000000,14.6,3.2,2.6,1.89,86.2,24.1,Normal
Rajon Rondo,PG,Los Angeles Lakers,35,"6' 1""",6.1,180,Kentucky,1669178,5.4,2.4,4.4,1.86,81.6,23.6,Normal
Russell Westbrook,PG,Los Angeles Lakers,32,"6' 3""",6.3,200,UCLA,44211146,22.2,11.5,11.7,1.92,90.7,24.6,Normal
Deandre Ayton,C,Phoenix Suns,23,"6' 11""",6.11,250,Arizona,12632950,14.4,10.5,1.4,1.86,113.4,32.8,Obese I
Devin Booker,SG,Phoenix Suns,24,"6' 5""",6.5,206,Kentucky,31650600,25.6,4.2,4.3,1.98,93.4,23.8,Normal
Mikal Bridges,SF,Phoenix Suns,25,"6' 6""",6.6,209,Villanova,5557725,13.5,4.3,2.1,2.01,94.8,23.5,Normal
Jae Crowder,PF,Phoenix Suns,31,"6' 6""",6.6,235,Marquette,9720900,10.1,4.7,2.1,2.01,106.6,26.4,Overweight
Langston Galloway,SG,Phoenix Suns,29,"6' 1""",6.1,200,Saint Joseph's,4447896,4.8,1.1,0.7,1.86,90.7,26.2,Overweight
Chandler Hutchison,SF,Phoenix Suns,25,"6' 6""",6.6,210,Boise State,4019459,4.3,3.1,0.7,2.01,95.3,23.6,Normal
Cameron Johnson,SF,Phoenix Suns,25,"6' 8""",6.8,210,North Carolina,4437000,9.6,3.3,1.4,2.07,95.3,22.2,Normal
Frank Kaminsky,PF,Phoenix Suns,28,"7' 0""",7,240,Wisconsin,1669178,6.6,4,1.7,2.13,108.9,24,Normal
JaVale McGee,C,Phoenix Suns,33,"7' 0""",7,270,Nevada,5000000,7.3,5.2,0.8,2.13,122.5,27,Overweight
E'Twaun Moore,SG,Phoenix Suns,32,"6' 3""",6.3,191,Purdue,4447896,4.9,1.7,1.5,1.92,86.6,23.5,Normal
Abdel Nader,SF,Phoenix Suns,27,"6' 5""",6.5,225,Iowa State,2000000,6.7,2.6,0.8,1.98,102.1,26,Overweight
Chris Paul,PG,Phoenix Suns,36,"6' 0""",6,175,Wake Forest,30000000,16.4,4.5,8.9,1.83,79.4,23.7,Normal
Cameron Payne,PG,Phoenix Suns,27,"6' 1""",6.1,183,Murray State,6500000,8.4,2.4,3.6,1.86,83,24,Normal
Elfrid Payton,PG,Phoenix Suns,27,"6' 3""",6.3,195,Louisiana-Lafayette,1669178,10.1,3.4,3.2,1.92,88.5,24,Normal
Dario Saric,PF,Phoenix Suns,27,"6' 10""",6.1,225,Unknown,8510000,8.7,3.8,1.3,1.86,102.1,29.5,Overweight
Landry Shamet,SG,Phoenix Suns,24,"6' 4""",6.4,190,Wichita State,3768342,9.3,1.8,1.6,1.95,86.2,22.7,Normal
Jalen Smith,PF,Phoenix Suns,21,"6' 10""",6.1,215,Maryland,4458000,2,1.4,0.1,1.86,97.5,28.2,Overweight
Marvin Bagley III,PF,Sacremento Kings,22,"6' 11""",6.11,235,Duke,11312114,14.1,7.4,1,1.86,106.6,30.8,Obese I
Harrison Barnes,SF,Sacremento Kings,29,"6' 8""",6.8,225,North Carolina,20284091,16.1,6.6,3.5,2.07,102.1,23.8,Normal
Terence Davis,SG,Sacremento Kings,24,"6' 4""",6.4,201,Ole Miss,4000000,8.7,2.5,1.4,1.95,91.2,24,Normal
De'Aaron Fox,PG,Sacremento Kings,23,"6' 3""",6.3,185,Kentucky,28103550,25.2,3.5,7.2,1.92,83.9,22.8,Normal
Tyrese Haliburton,PG,Sacremento Kings,21,"6' 5""",6.5,185,Iowa State,4023600,13,3,5.3,1.98,83.9,21.4,Normal
Maurice Harkless,SF,Sacremento Kings,28,"6' 7""",6.7,220,St. John's,4347600,5.2,2.4,1.2,2.04,99.8,24,Normal
Buddy Hield,SG,Sacremento Kings,28,"6' 4""",6.4,220,Oklahoma,22768890,16.6,4.7,3.6,1.95,99.8,26.2,Overweight
Richaun Holmes,C,Sacremento Kings,27,"6' 10""",6.1,235,Bowling Green,10384500,14.2,8.3,1.7,1.86,106.6,30.8,Obese I
Justin James,SG,Sacremento Kings,24,"6' 7""",6.7,190,Wyoming,1782621,3.9,0.8,0.6,2.04,86.2,20.7,Normal
Damian Jones,C,Sacremento Kings,26,"6' 11""",6.11,245,Vanderbilt,1977011,4.7,3.1,0.7,1.86,111.1,32.1,Obese I
Louis King,PF,Sacremento Kings,22,"6' 7""",6.7,205,Oregon,4447896,7.3,3,1.5,2.04,93,22.3,Normal
Alex Len,C,Sacremento Kings,28,"7' 0""",7,250,Maryland,3732000,6.6,4.1,0.8,2.13,113.4,25,Overweight
Chimezie Metu,PF,Sacremento Kings,24,"6' 9""",6.9,225,USC,1762796,6.3,3.1,0.8,2.1,102.1,23.2,Normal
Davion Mitchell,PG,Sacremento Kings,23,"6' 2""",6.2,205,Baylor,4603320,0,0,0,1.89,93,26,Overweight
Neemias Queta,C,Sacremento Kings,22,"7' 0""",7,245,Utah State,4447896,0,0,0,2.13,111.1,24.5,Normal
Jahmi'us Ramsey,SG,Sacremento Kings,20,"6' 3""",6.3,190,Texas Tech,1517981,3.1,0.8,0.5,1.92,86.2,23.4,Normal
Tristan Thompson,C,Sacremento Kings,30,"6' 9""",6.9,254,Texas,9720900,7.6,8.1,1.2,2.1,115.2,26.1,Overweight
Robert Woodard II,SF,Sacremento Kings,21,"6' 6""",6.6,235,Mississippi State,1517981,1.5,1.2,0.2,2.01,106.6,26.4,Overweight
Moses Brown,C,Dallas Mavericks,21,"7' 2""",7.2,245,UCLA,1701593,8.6,8.9,0.2,2.19,111.1,23.2,Normal
Sterling Brown,SF,Dallas Mavericks,26,"6' 5""",6.5,219,SMU,3000000,8.2,4.4,1.4,1.98,99.3,25.3,Overweight
Jalen Brunson,PG,Dallas Mavericks,25,"6' 1""",6.1,190,Villanova,1802057,12.6,3.4,3.5,1.86,86.2,24.9,Normal
Reggie Bullock,SF,Dallas Mavericks,30,"6' 6""",6.6,205,North Carolina,9536000,10.9,3.4,1.5,2.01,93,23,Normal
Trey Burke,PG,Dallas Mavericks,28,"6' 0""",6,185,Michigan,3150000,6.6,0.9,1.3,1.83,83.9,25.1,Overweight
Willie Cauley-Stein,C,Dallas Mavericks,28,"7' 0""",7,240,Kentucky,4100000,5.3,4.5,0.7,2.13,108.9,24,Normal
Luka Doncic,PG,Dallas Mavericks,22,"6' 7""",6.7,230,Unknown,10174391,27.7,8,8.6,2.04,104.3,25.1,Overweight
Dorian Finney-Smith,PF,Dallas Mavericks,28,"6' 7""",6.7,220,Florida,4000000,9.8,5.4,1.7,2.04,99.8,24,Normal
Josh Green,SG,Dallas Mavericks,20,"6' 5""",6.5,200,Arizona,2957520,2.6,2,0.7,1.98,90.7,23.1,Normal
Tim Hardaway Jr.,SF,Dallas Mavericks,29,"6' 5""",6.5,205,Michigan,21308816,16.6,3.3,1.8,1.98,93,23.7,Normal
Maxi Kleber,PF,Dallas Mavericks,29,"6' 10""",6.1,240,Unknown,8975000,7.1,5.2,1.4,1.86,108.9,31.5,Obese I
Boban Marjanovic,C,Dallas Mavericks,33,"7' 4""",7.4,290,Unknown,3500000,4.7,3.9,0.3,2.26,131.5,25.7,Overweight
JaQuori McLaughlin,G,Dallas Mavericks,23,"6' 4""",6.4,190,UC Santa Barbara,4447896,0,0,0,1.95,86.2,22.7,Normal
Eugene Omoruyi,F,Dallas Mavericks,24,"6' 6""",6.6,235,Oregon,4447896,0,0,0,2.01,106.6,26.4,Overweight
Kristaps Porzingis,C,Dallas Mavericks,26,"7' 3""",7.3,240,Unknown,31650600,20.1,8.9,1.6,2.23,108.9,21.9,Normal
Dwight Powell,C,Dallas Mavericks,30,"6' 10""",6.1,240,Stanford,11080125,5.9,4,1.1,1.86,108.9,31.5,Obese I
JJ Redick,SG,Dallas Mavericks,37,"6' 3""",6.3,200,Duke,4447896,7.4,1.5,1.2,1.92,90.7,24.6,Normal
Tyrell Terry,PG,Dallas Mavericks,20,"6' 2""",6.2,160,Stanford,1517981,1,0.5,0.5,1.89,72.6,20.3,Normal
D.J. Augustin,PG,Houston Rockets,33,"5' 11""",5.11,183,Texas,7000000,7.7,1.6,3.3,1.56,83,34.1,Obese I
Avery Bradley,PG,Houston Rockets,30,"6' 3""",6.3,180,Texas,4447896,6.4,2.1,1.7,1.92,81.6,22.1,Normal
Armoni Brooks,SG,Houston Rockets,23,"6' 3""",6.3,195,Houston,4447896,11.2,3.4,1.5,1.92,88.5,24,Normal
Josh Christopher,SG,Houston Rockets,19,"6' 5""",6.5,215,Arizona State,2259240,0,0,0,1.98,97.5,24.9,Normal
Dante Exum,PG,Houston Rockets,26,"6' 5""",6.5,214,Unknown,4447896,3.8,2.8,2.2,1.98,97.1,24.8,Normal
Usman Garuba,PF,Houston Rockets,19,"6' 8""",6.8,230,Unknown,2353320,0,0,0,2.07,104.3,24.3,Normal
Eric Gordon,SG,Houston Rockets,32,"6' 3""",6.3,215,Indiana,18218818,17.8,2.1,2.6,1.92,97.5,26.4,Overweight
Jalen Green,SG,Houston Rockets,19,"6' 6""",6.6,178,Unknown,8992200,0,0,0,2.01,80.7,20,Normal
Danuel House Jr.,SF,Houston Rockets,28,"6' 6""",6.6,220,Texas A&M,3894000,8.8,3.7,1.9,2.01,99.8,24.7,Normal
Matthew Hurt,F,Houston Rockets,21,"6' 9""",6.9,235,Duke,4447896,0,0,0,2.1,106.6,24.2,Normal
Anthony Lamb,SF,Houston Rockets,23,"6' 6""",6.6,227,Vermont,4447896,5.5,2.9,1,2.01,103,25.5,Overweight
Kenyon Martin Jr.,SF,Houston Rockets,20,"6' 6""",6.6,215,Unknown,1517981,9.3,5.4,1.1,2.01,97.5,24.1,Normal
David Nwaba,SF,Houston Rockets,28,"6' 5""",6.5,219,Cal Poly,4650000,9.2,3.9,1,1.98,99.3,25.3,Overweight
Kevin Porter Jr.,SG,Houston Rockets,21,"6' 4""",6.4,203,USC,1782621,16.6,3.8,6.3,1.95,92.1,24.2,Normal
Alperen Sengun,C,Houston Rockets,19,"6' 9""",6.9,235,Unknown,3214680,0,0,0,2.1,106.6,24.2,Normal
Jae'Sean Tate,SF,Houston Rockets,25,"6' 4""",6.4,230,Ohio State,1517981,11.3,5.3,2.5,1.95,104.3,27.4,Overweight
Daniel Theis,C,Houston Rockets,29,"6' 8""",6.8,245,Unknown,8280351,9.6,5.5,1.7,2.07,111.1,25.9,Overweight
Khyri Thomas,SG,Houston Rockets,25,"6' 3""",6.3,210,Creighton,1762796,16.4,3.6,5,1.92,95.3,25.9,Overweight
John Wall,PG,Houston Rockets,31,"6' 3""",6.3,210,Kentucky,44310840,20.6,3.2,6.9,1.92,95.3,25.9,Overweight
D.J. Wilson,PF,Houston Rockets,25,"6' 10""",6.1,231,Michigan,4447896,5.2,3.2,0.7,1.86,104.8,30.3,Obese I
Christian Wood,C,Houston Rockets,25,"6' 10""",6.1,214,UNLV,13666667,21,9.6,1.7,1.86,97.1,28.1,Overweight
Steven Adams,C,Memphis Grizzlies,28,"6' 11""",6.11,265,Pittsburgh,17073171,7.6,8.9,1.9,1.86,120.2,34.7,Obese I
Santi Aldama,PF,Memphis Grizzlies,20,"6' 11""",6.11,215,Loyola (MD),1994520,0,0,0,1.86,97.5,28.2,Overweight
Kyle Anderson,SF,Memphis Grizzlies,27,"6' 9""",6.9,230,UCLA,9937150,12.4,5.7,3.6,2.1,104.3,23.7,Normal
Desmond Bane,SG,Memphis Grizzlies,23,"6' 5""",6.5,215,TCU,2033160,9.2,3.1,1.7,1.98,97.5,24.9,Normal
Dillon Brooks,SF,Memphis Grizzlies,25,"6' 7""",6.7,225,Oregon,12200000,17.2,2.9,2.3,2.04,102.1,24.5,Normal
Brandon Clarke,PF,Memphis Grizzlies,24,"6' 8""",6.8,215,Gonzaga,2726880,10.3,5.6,1.6,2.07,97.5,22.8,Normal
Jarrett Culver,G,Memphis Grizzlies,22,"6' 6""",6.6,195,Texas Tech,6395160,5.3,3.1,0.7,2.01,88.5,21.9,Normal
Tim Frazier,PG,Memphis Grizzlies,30,"6' 0""",6,170,Penn State,4447896,1.6,1.6,3.2,1.83,77.1,23,Normal
Juancho Hernangomez,F,Memphis Grizzlies,25,"6' 9""",6.9,214,Unknown,6907815,7.2,3.9,0.7,2.1,97.1,22,Normal
Jaren Jackson Jr.,PF,Memphis Grizzlies,21,"6' 11""",6.11,242,Michigan State,9180560,14.4,5.6,1.1,1.86,109.8,31.7,Obese I
Tyus Jones,PG,Memphis Grizzlies,25,"6' 0""",6,196,Duke,8376286,6.3,2,3.7,1.83,88.9,26.5,Overweight
John Konchar,SG,Memphis Grizzlies,25,"6' 5""",6.5,210,Unknown,2200000,4.3,3,1.1,1.98,95.3,24.3,Normal
Sean McDermott,SG,Memphis Grizzlies,24,"6' 6""",6.6,195,Butler,4447896,2.2,1.1,0.2,2.01,88.5,21.9,Normal
De'Anthony Melton,SG,Memphis Grizzlies,23,"6' 2""",6.2,200,USC,8805976,9.1,3.1,2.5,1.89,90.7,25.4,Overweight
Sam Merrill,SG,Memphis Grizzlies,25,"6' 4""",6.4,205,Utah State,1517981,3,1,0.7,1.95,93,24.5,Normal
Ja Morant,PG,Memphis Grizzlies,22,"6' 3""",6.3,174,Murray State,9603360,19.1,4,7.4,1.92,78.9,21.4,Normal
Daniel Oturu,C,Memphis Grizzlies,21,"6' 8""",6.8,240,Minnesota,1517981,1.8,1.6,0.3,2.07,108.9,25.4,Overweight
Yves Pons,G,Memphis Grizzlies,22,"6' 6""",6.6,215,Tennessee,4447896,0,0,0,2.01,97.5,24.1,Normal
Jontay Porter,PF,Memphis Grizzlies,21,"6' 11""",6.11,240,Missouri,1950000,2,1.3,0.1,1.86,108.9,31.5,Obese I
Killian Tillie,C,Memphis Grizzlies,23,"6' 9""",6.9,220,Gonzaga,4447896,3.2,1.3,0.4,2.1,99.8,22.6,Normal
Xavier Tillman,C,Memphis Grizzlies,22,"6' 8""",6.8,245,Michigan State,1517981,6.6,4.3,1.3,2.07,111.1,25.9,Overweight
Ziaire Williams,SG,Memphis Grizzlies,19,"6' 8""",6.8,185,Stanford,4373040,0,0,0,2.07,83.9,19.6,Normal
Nickeil Alexander-Walker,SG,New Orleans Pelicans,23,"6' 6""",6.6,205,Virginia Tech,3261480,11,3.1,2.2,2.01,93,23,Normal
Wenyen Gabriel,PF,New Orleans Pelicans,24,"6' 9""",6.9,205,Kentucky,1762796,3.4,2.6,0.5,2.1,93,21.1,Normal
Devonte' Graham,G,New Orleans Pelicans,26,"6' 1""",6.1,195,Kansas,11000000,14.8,2.7,5.4,1.86,88.5,25.6,Overweight
Josh Hart,SG,New Orleans Pelicans,26,"6' 5""",6.5,215,Villanova,12000000,9.2,8,2.3,1.98,97.5,24.9,Normal
Jaxson Hayes,C,New Orleans Pelicans,21,"6' 11""",6.11,220,Texas,5348280,7.5,4.3,0.6,1.86,99.8,28.8,Overweight
Willy Hernangomez,C,New Orleans Pelicans,27,"6' 11""",6.11,250,Unknown,2327220,7.8,7.1,1.1,1.86,113.4,32.8,Obese I
Brandon Ingram,SF,New Orleans Pelicans,24,"6' 8""",6.8,190,Duke,29467800,23.8,4.9,4.9,2.07,86.2,20.1,Normal
Herbert Jones,SF,New Orleans Pelicans,22,"6' 8""",6.8,210,Alabama,1700000,0,0,0,2.07,95.3,22.2,Normal
Kira Lewis Jr.,PG,New Orleans Pelicans,20,"6' 1""",6.1,170,Alabama,3822240,6.4,1.3,2.3,1.86,77.1,22.3,Normal
Didi Louzada,SF,New Orleans Pelicans,22,"6' 5""",6.5,185,Unknown,1786878,2.7,1,1,1.98,83.9,21.4,Normal
Naji Marshall,SF,New Orleans Pelicans,23,"6' 7""",6.7,220,Xavier,1517981,7.7,4.6,2.8,2.04,99.8,24,Normal
Trey Murphy III,SG,New Orleans Pelicans,21,"6' 9""",6.9,206,Virginia,3053760,0,0,0,2.1,93.4,21.2,Normal
James Nunnally,SF,New Orleans Pelicans,31,"6' 7""",6.7,205,UC Santa Barbara,4447896,1.7,1,0.3,2.04,93,22.3,Normal
Tomas Satoransky,SG,New Orleans Pelicans,29,"6' 7""",6.7,210,Unknown,10000000,7.7,2.4,4.7,2.04,95.3,22.9,Normal
Garrett Temple,SF,New Orleans Pelicans,35,"6' 5""",6.5,195,LSU,4910000,7.6,2.9,2.2,1.98,88.5,22.6,Normal
Jonas Valanciunas,C,New Orleans Pelicans,29,"6' 11""",6.11,265,Unknown,14000000,17.1,12.5,1.8,1.86,120.2,34.7,Obese I
Zion Williamson,PF,New Orleans Pelicans,21,"6' 7""",6.7,284,Duke,10733400,27,7.2,3.7,2.04,128.8,30.9,Obese I
Al-Farouq Aminu,PF,San Antonio Spurs,30,"6' 8""",6.8,220,Wake Forest,10183800,4.4,4.8,1.3,2.07,99.8,23.3,Normal
Keita Bates-Diop,SF,San Antonio Spurs,25,"6' 8""",6.8,229,Ohio State,4447896,2.6,1.6,0.4,2.07,103.9,24.2,Normal
Zach Collins,PF,San Antonio Spurs,23,"6' 11""",6.11,250,Gonzaga,7000000,0,0,0,1.86,113.4,32.8,Obese I
Drew Eubanks,PF,San Antonio Spurs,24,"6' 9""",6.9,245,Oregon State,1762796,5.8,4.5,0.8,2.1,111.1,25.2,Overweight
Bryn Forbes,SG,San Antonio Spurs,28,"6' 2""",6.2,205,Cleveland State,4500000,10,1.6,0.6,1.89,93,26,Overweight
DaQuan Jeffries,SG,San Antonio Spurs,24,"6' 5""",6.5,225,Western Texas Coll. (J.C.),1701593,4.1,2.3,0.7,1.98,102.1,26,Overweight
Keldon Johnson,SF,San Antonio Spurs,21,"6' 5""",6.5,220,Kentucky,2145720,12.8,6,1.8,1.98,99.8,25.5,Overweight
Tre Jones,PG,San Antonio Spurs,21,"6' 1""",6.1,185,Duke,1517981,2.5,0.6,1.1,1.86,83.9,24.3,Normal
Jock Landale,C,San Antonio Spurs,25,"6' 11""",6.11,255,Saint Mary's,925258,0,0,0,1.86,115.7,33.4,Obese I
Doug McDermott,SF,San Antonio Spurs,29,"6' 7""",6.7,225,Creighton,13750000,13.6,3.3,1.3,2.04,102.1,24.5,Normal
Dejounte Murray,PG,San Antonio Spurs,24,"6' 4""",6.4,180,Washington,15428880,15.7,7.1,5.4,1.95,81.6,21.5,Normal
Jakob Poeltl,C,San Antonio Spurs,25,"7' 1""",7.1,245,Utah,8750000,8.6,7.9,1.9,2.16,111.1,23.8,Normal
Joshua Primo,SG,San Antonio Spurs,18,"6' 6""",6.6,190,Alabama,3946800,0,0,0,2.01,86.2,21.3,Normal
Luka Samanic,PF,San Antonio Spurs,21,"6' 10""",6.1,227,Unknown,2959080,3.7,2.1,0.5,1.86,103,29.8,Overweight
Devin Vassell,SG,San Antonio Spurs,21,"6' 5""",6.5,200,Florida State,4235160,5.5,2.8,0.9,1.98,90.7,23.1,Normal
Lonnie Walker IV,SG,San Antonio Spurs,22,"6' 4""",6.4,204,Miami (FL),4447896,11.2,2.6,1.7,1.95,92.5,24.3,Normal
Derrick White,PG,San Antonio Spurs,27,"6' 4""",6.4,190,Colorado,15178571,15.4,3,3.5,1.95,86.2,22.7,Normal
Joe Wieskamp,SF,San Antonio Spurs,22,"6' 6""",6.6,210,Iowa,4447896,0,0,0,2.01,95.3,23.6,Normal
Thaddeus Young,PF,San Antonio Spurs,33,"6' 8""",6.8,235,Georgia Tech,14190000,12.1,6.2,4.3,2.07,106.6,24.9,Normal
Will Barton,SF,Denver Nuggets,30,"6' 6""",6.6,181,Memphis,15625000,12.7,4,3.2,2.01,82.1,20.3,Normal
Bol Bol,C,Denver Nuggets,21,"7' 2""",7.2,220,Oregon,2161152,2.2,0.8,0.2,2.19,99.8,20.8,Normal
Facundo Campazzo,PG,Denver Nuggets,30,"5' 10""",5.1,195,Unknown,3200000,6.1,2.1,3.6,1.55,88.5,36.8,Obese II
Vlatko Cancar,SF,Denver Nuggets,24,"6' 8""",6.8,236,Unknown,1782621,2.1,1.2,0.3,2.07,107,25,Overweight
PJ Dozier,SG,Denver Nuggets,24,"6' 6""",6.6,205,South Carolina,1910860,7.7,3.6,1.8,2.01,93,23,Normal
Aaron Gordon,PF,Denver Nuggets,25,"6' 8""",6.8,235,Arizona,16409091,12.4,5.7,3.2,2.07,106.6,24.9,Normal
JaMychal Green,PF,Denver Nuggets,31,"6' 8""",6.8,227,Alabama,8200000,8.1,4.8,0.9,2.07,103,24,Normal
Jeff Green,PF,Denver Nuggets,35,"6' 8""",6.8,235,Georgetown,4500000,11,3.9,1.6,2.07,106.6,24.9,Normal
Shaquille Harrison,SG,Denver Nuggets,27,"6' 7""",6.7,190,Tulsa,4447896,2.1,1.4,0.7,2.04,86.2,20.7,Normal
Markus Howard,PG,Denver Nuggets,22,"5' 10""",5.1,175,Marquette,4447896,2.8,0.6,0.5,1.55,79.4,33,Obese I
Nah'Shon Hyland,PG,Denver Nuggets,20,"6' 3""",6.3,165,Virginia Commonwealth,2096880,0,0,0,1.92,74.8,20.3,Normal
Nikola Jokic,C,Denver Nuggets,26,"6' 11""",6.11,284,Unknown,31579390,26.4,10.8,8.3,1.86,128.8,37.2,Obese II
Monte Morris,PG,Denver Nuggets,26,"6' 2""",6.2,183,Iowa State,8449074,10.2,2,3.2,1.89,83,23.2,Normal
Jamal Murray,PG,Denver Nuggets,24,"6' 3""",6.3,215,Kentucky,29467800,21.2,4,4.8,1.92,97.5,26.4,Overweight
Zeke Nnaji,PF,Denver Nuggets,20,"6' 9""",6.9,240,Arizona,2498760,3.2,1.5,0.2,2.1,108.9,24.7,Normal
Michael Porter Jr.,SF,Denver Nuggets,23,"6' 10""",6.1,218,Missouri,5258735,19,7.3,1.1,1.86,98.9,28.6,Overweight
Austin Rivers,SG,Denver Nuggets,29,"6' 4""",6.4,200,Duke,1669178,7.9,2.3,2.3,1.95,90.7,23.9,Normal
Malik Beasley,SG,Minnesota Timberwolves,24,"6' 4""",6.4,187,Florida State,14491964,19.6,4.4,2.4,1.95,84.8,22.3,Normal
Patrick Beverley,PG,Minnesota Timberwolves,33,"6' 1""",6.1,180,Arkansas,14320988,7.5,3.2,2.1,1.86,81.6,23.6,Normal
Ed Davis,C,Minnesota Timberwolves,32,"6' 9""",6.9,218,North Carolina,4447896,2.1,5,0.9,2.1,98.9,22.4,Normal
Anthony Edwards,SF,Minnesota Timberwolves,20,"6' 4""",6.4,225,Georgia,10245480,19.3,4.7,2.9,1.95,102.1,26.9,Overweight
Nathan Knight,F,Minnesota Timberwolves,23,"6' 10""",6.1,253,William & Mary,4447896,3.8,2.2,0.2,1.86,114.8,33.2,Obese I
Jake Layman,SF,Minnesota Timberwolves,27,"6' 8""",6.8,209,Maryland,3940185,5.1,1.5,0.6,2.07,94.8,22.1,Normal
Jaden McDaniels,PF,Minnesota Timberwolves,20,"6' 9""",6.9,185,Washington,2063280,6.8,3.7,1.1,2.1,83.9,19,Normal
Jordan McLaughlin,PG,Minnesota Timberwolves,25,"5' 11""",5.11,185,USC,4447896,5,2.1,3.8,1.56,83.9,34.5,Obese I
Jaylen Nowell,SG,Minnesota Timberwolves,22,"6' 4""",6.4,201,Washington,1782621,9,2.3,1.5,1.95,91.2,24,Normal
Josh Okogie,SF,Minnesota Timberwolves,23,"6' 4""",6.4,213,Georgia Tech,4087904,5.4,2.6,1.1,1.95,96.6,25.4,Overweight
Taurean Prince,PF,Minnesota Timberwolves,27,"6' 7""",6.7,218,Baylor,13000000,9.5,3.5,1.9,2.04,98.9,23.8,Normal
Naz Reid,C,Minnesota Timberwolves,22,"6' 9""",6.9,264,LSU,1782621,11.2,4.6,1,2.1,119.7,27.1,Overweight
D'Angelo Russell,PG,Minnesota Timberwolves,25,"6' 4""",6.4,193,Ohio State,30013500,19,2.6,5.8,1.95,87.5,23,Normal
Karl-Anthony Towns,C,Minnesota Timberwolves,25,"6' 11""",6.11,248,Kentucky,31650600,24.8,10.6,4.5,1.86,112.5,32.5,Obese I
Jarred Vanderbilt,PF,Minnesota Timberwolves,22,"6' 9""",6.9,214,Kentucky,4447896,5.4,5.8,1.2,2.1,97.1,22,Normal
Darius Bazley,PF,Oklahoma City Thunder,21,"6' 8""",6.8,208,Unknown,2513040,13.7,7.2,1.8,2.07,94.3,22,Normal
Charlie Brown Jr.,F,Oklahoma City Thunder,24,"6' 6""",6.6,199,Saint Joseph's,1701593,4.4,1.9,1,2.01,90.3,22.4,Normal
Charlie Brown Jr.,SF,Oklahoma City Thunder,24,"6' 6""",6.6,199,Saint Joseph's,4447896,4.4,1.9,1,2.01,90.3,22.4,Normal
Gabriel Deck,SF,Oklahoma City Thunder,26,"6' 6""",6.6,231,Unknown,3676852,8.4,4,2.4,2.01,104.8,25.9,Overweight
Luguentz Dort,SF,Oklahoma City Thunder,22,"6' 3""",6.3,215,Arizona State,1782621,14,3.6,1.7,1.92,97.5,26.4,Overweight
Derrick Favors,C,Oklahoma City Thunder,30,"6' 9""",6.9,265,Georgia Tech,9720900,5.4,5.5,0.6,2.1,120.2,27.3,Overweight
Josh Giddey,SG,Oklahoma City Thunder,18,"6' 8""",6.8,205,Unknown,5988000,0,0,0,2.07,93,21.7,Normal
Shai Gilgeous-Alexander,SG,Oklahoma City Thunder,23,"6' 6""",6.6,180,Kentucky,5495532,23.7,4.7,5.9,2.01,81.6,20.2,Normal
Josh Hall,SF,Oklahoma City Thunder,20,"6' 9""",6.9,190,Moravian,4447896,4.1,2.8,1.3,2.1,86.2,19.5,Normal
Jaylen Hoard,SF,Oklahoma City Thunder,22,"6' 8""",6.8,216,Wake Forest,4447896,6.1,3.4,1.3,2.07,98,22.9,Normal
Ty Jerome,SG,Oklahoma City Thunder,24,"6' 5""",6.5,195,Virginia,2412840,10.7,2.8,3.6,1.98,88.5,22.6,Normal
Vit Krejci,F,Oklahoma City Thunder,21,"6' 8""",6.8,195,Unknown,4447896,0,0,0,2.07,88.5,20.7,Normal
Theo Maledon,PG,Oklahoma City Thunder,20,"6' 4""",6.4,175,Unknown,2000000,10.1,3.2,3.5,1.95,79.4,20.9,Normal
Tre Mann,PG,Oklahoma City Thunder,20,"6' 3""",6.3,178,Florida,2901240,0,0,0,1.92,80.7,21.9,Normal
Mike Muscala,C,Oklahoma City Thunder,30,"6' 10""",6.1,240,Bucknell,3365385,9.7,3.8,0.8,1.86,108.9,31.5,Obese I
Svi Mykhailiuk,SG,Oklahoma City Thunder,24,"6' 7""",6.7,205,Kansas,4447896,8.5,2.5,1.7,2.04,93,22.3,Normal
Aleksej Pokusevski,PF,Oklahoma City Thunder,19,"7' 0""",7,190,Unknown,3113160,8.2,4.7,2.2,2.13,86.2,19,Normal
Jeremiah Robinson-Earl,PF,Oklahoma City Thunder,20,"6' 8""",6.8,242,Villanova,2000000,0,0,0,2.07,109.8,25.6,Overweight
Isaiah Roby,C,Oklahoma City Thunder,23,"6' 8""",6.8,230,Nebraska,1782621,8.7,5.6,1.8,2.07,104.3,24.3,Normal
Aaron Wiggins,SG,Oklahoma City Thunder,22,"6' 5""",6.5,190,Maryland,4447896,0,0,0,1.98,86.2,22,Normal
Kenrich Williams,SF,Oklahoma City Thunder,26,"6' 6""",6.6,210,TCU,2000000,8,4.1,2.3,2.01,95.3,23.6,Normal
Keljin Blevins,SF,Portland Trail Blazers,25,"6' 4""",6.4,200,Montana State,4447896,0.7,0.6,0.2,1.95,90.7,23.9,Normal
Greg Brown,PF,Portland Trail Blazers,20,"6' 9""",6.9,205,Texas,925258,0,0,0,2.1,93,21.1,Normal
Robert Covington,PF,Portland Trail Blazers,30,"6' 7""",6.7,209,Tennessee State,12975471,8.5,6.7,1.7,2.04,94.8,22.8,Normal
CJ Elleby,SG,Portland Trail Blazers,21,"6' 6""",6.6,200,Washington State,1517981,2.3,1.1,0.3,2.01,90.7,22.4,Normal
Harry Giles III,PF,Portland Trail Blazers,23,"6' 11""",6.11,240,Duke,4447896,2.8,3.5,0.8,1.86,108.9,31.5,Obese I
Rondae Hollis-Jefferson,SF,Portland Trail Blazers,26,"6' 6""",6.6,217,Arizona,4447896,2.5,2.4,1.2,2.01,98.4,24.4,Normal
T.J. Leaf,PF,Portland Trail Blazers,24,"6' 10""",6.1,222,UCLA,4447896,1.7,0.7,0.1,1.86,100.7,29.1,Overweight
Damian Lillard,PG,Portland Trail Blazers,31,"6' 2""",6.2,195,Weber State,39344900,28.8,4.2,7.5,1.89,88.5,24.8,Normal
Nassir Little,SF,Portland Trail Blazers,21,"6' 5""",6.5,220,North Carolina,2316240,4.6,2.7,0.5,1.98,99.8,25.5,Overweight
CJ McCollum,SG,Portland Trail Blazers,29,"6' 3""",6.3,190,Lehigh,30864198,23.1,3.9,4.7,1.92,86.2,23.4,Normal
Ben McLemore,SG,Portland Trail Blazers,28,"6' 3""",6.3,195,Kansas,1669178,7.7,1.9,0.7,1.92,88.5,24,Normal
Larry Nance Jr.,PF,Portland Trail Blazers,28,"6' 7""",6.7,245,Wyoming,10690909,9.3,6.7,3.1,2.04,111.1,26.7,Overweight
Jusuf Nurkic,C,Portland Trail Blazers,27,"6' 11""",6.11,290,Unknown,12000000,11.5,9,3.4,1.86,131.5,38,Obese II
Norman Powell,SF,Portland Trail Blazers,28,"6' 3""",6.3,215,UCLA,15517241,18.6,3.1,1.9,1.92,97.5,26.4,Overweight
Anfernee Simons,SG,Portland Trail Blazers,22,"6' 3""",6.3,181,Unknown,3938818,7.8,2.2,1.4,1.92,82.1,22.3,Normal
Tony Snell,SF,Portland Trail Blazers,29,"6' 6""",6.6,213,New Mexico,1669178,5.3,2.4,1.3,2.01,96.6,23.9,Normal
Trendon Watford,F,Portland Trail Blazers,20,"6' 9""",6.9,240,LSU,4447896,0,0,0,2.1,108.9,24.7,Normal
Cody Zeller,C,Portland Trail Blazers,28,"6' 11""",6.11,240,Indiana,1669178,9.4,6.8,1.8,1.86,108.9,31.5,Obese I
Udoka Azubuike,C,Utah Jazz,21,"6' 10""",6.1,280,Kansas,2075880,1.1,0.9,0,1.86,127,36.7,Obese II
Bojan Bogdanovic,SF,Utah Jazz,32,"6' 7""",6.7,226,Unknown,18700000,17,3.9,1.9,2.04,102.5,24.6,Normal
Jarrell Brantley,PF,Utah Jazz,25,"6' 5""",6.5,250,Charleston,1669178,2.3,1,0.5,1.98,113.4,28.9,Overweight
Jared Butler,SG,Utah Jazz,21,"6' 3""",6.3,195,Baylor,925258,0,0,0,1.92,88.5,24,Normal
Jordan Clarkson,PG,Utah Jazz,29,"6' 4""",6.4,194,Missouri,12420000,18.4,4,2.5,1.95,88,23.1,Normal
Mike Conley,PG,Utah Jazz,33,"6' 1""",6.1,175,Ohio State,21000000,16.2,3.5,6,1.86,79.4,23,Normal
Trent Forrest,SG,Utah Jazz,23,"6' 4""",6.4,210,Florida State,4447896,2.9,1.5,1.5,1.95,95.3,25.1,Overweight
Rudy Gay,SF,Utah Jazz,35,"6' 8""",6.8,250,Connecticut,5890000,11.4,4.8,1.4,2.07,113.4,26.5,Overweight
Rudy Gobert,C,Utah Jazz,29,"7' 1""",7.1,258,Unknown,35344828,14.3,13.5,1.3,2.16,117,25.1,Overweight
Elijah Hughes,SF,Utah Jazz,23,"6' 5""",6.5,215,Syracuse,1517981,1.7,0.5,0.3,1.98,97.5,24.9,Normal
Ersan Ilyasova,PF,Utah Jazz,34,"6' 9""",6.9,235,Unknown,4447896,3.8,1.7,0.2,2.1,106.6,24.2,Normal
Joe Ingles,SG,Utah Jazz,33,"6' 8""",6.8,220,Unknown,13036364,12.1,3.6,4.7,2.07,99.8,23.3,Normal
Donovan Mitchell,SG,Utah Jazz,25,"6' 1""",6.1,215,Louisville,28103500,26.4,4.4,5.2,1.86,97.5,28.2,Overweight
Juwan Morgan,SF,Utah Jazz,24,"6' 7""",6.7,232,Indiana,4447896,1.2,1,0.3,2.04,105.2,25.3,Overweight
Royce O'Neale,PF,Utah Jazz,28,"6' 4""",6.4,226,Baylor,8800000,7,6.8,2.5,1.95,102.5,27,Overweight
Olumiye Oni,SG,Utah Jazz,24,"6' 5""",6.5,206,Yale,1782621,0,0,0,1.98,93.4,23.8,Normal
Eric Paschall,F,Utah Jazz,24,"6' 6""",6.6,255,Villanova,1782621,9.5,3.2,1.3,2.01,115.7,28.6,Overweight
Hassan Whiteside,C,Utah Jazz,32,"7' 0""",7,265,Marshall,1669178,8.1,6,0.6,2.13,120.2,26.5,Overweight
